Job Title;Company Name;Job City;Job Rating;Job Post Date
Data Scientist, Admissions;Y Combinator;San Francisco;None;11
Data Scientist - San Francisco, CA;Pacific Gas And Electric Company;San Francisco;3.9;4
Data Scientist;University of California San Francisco;San Francisco;4.2;30+
Data Scientist;Opendoor;San Francisco;2.9;9
Clinical Data Scientist;Hinge Health;San Francisco;None;10
Data Scientist;Blue Owl;San Francisco;None;30+
Data Scientist;Spin;San Francisco;3.9;30+
Associate Data Scientist;tunein;San Francisco;3.9;8
Data Scientist 1;Autodesk;San Francisco;4.1;30+
Data Scientist - Analytics;Plaid;San Francisco;4.0;10
Senior Data Scientist - San Francisco, CA;Pacific Gas And Electric Company;San Francisco;3.9;4
Applied Data Scientist;Yelp;San Francisco;3.5;30+
Data Scientist;Figure Technologies;San Francisco;None;10
Data Scientist - Nationwide Opportunities;Amazon Web Services, Inc.;San Francisco;3.6;5
Research Data Scientist;University of California San Francisco;San Francisco;4.2;30+
Data Scientist - Quantitative Strategy;Uber;San Francisco;3.8;30+
Data Scientist;Hive;San Francisco;3.7;30+
Data Scientist (Full Time) - United States;Cisco Systems;San Jose;4.1;20
Data Scientist;Twitch Interactive, Inc.;San Francisco;3.6;30+
Data Scientist;BICP;San Francisco;None;30+
Data Scientist II;Zillow Group;San Francisco;3.8;19
Data Scientist;Grammarly, Inc.;San Francisco;None;30+
Measurement Data Scientist (SF);Pinterest;San Francisco;4.2;30+
Data Scientist;Spry Health;Palo Alto;None;30+
Data Scientist;Wish;San Francisco;3.8;30+
Sr Data Scientist;Uber;San Francisco;3.8;3
Data Scientist;IBM;San Francisco;3.9;30+
Data Scientist;Woodruff Sawyer;San Francisco;3.3;30+
Senior Data Scientist;Intuit;Mountain View;4.2;1
Machine Learning Data Scientist/Engineer;Ironclad, Inc.;San Francisco;None;30+
Data Scientist;ADARA, Inc.;Palo Alto;None;4
2020 PhD University Graduate - Data Scientist - Uber Eats (S...;Uber;San Francisco;3.8;30+
Data Scientist;Affinity.co;San Francisco;None;30+
Associate Data Scientist;Travis Credit Union;Vacaville;3.6;30+
Data Analyst / Data Scientist;Khan Academy;Mountain View;4.1;16
Data Scientist - Inference;Faire;San Francisco;None;18
Data Scientist;SoftVision - North America & UK;Oakland;None;15
Data Scientist;Brightidea;San Francisco;4.5;30+
Data Scientist;Clarivate Analytics;San Francisco;3.4;12
Data Scientist;IHS Markit;San Francisco;3.6;16
English Speakers - Data Annotators;TransPerfect;San Francisco;3.0;30+
Data Scientist (Predictive Services);Opendoor;San Francisco;2.9;30+
Data Scientist, Legal;Facebook;San Francisco;4.2;30+
Clinical Lab Scientist II, Data Review (Tues-Sat);Myriad Women's Health;South San Francisco;3.6;10
Applied Scientist I;Amazon.com Services LLC;San Francisco;3.6;1
Data Scientist;Avani Technology Solutions Inc;San Francisco;4.6;30+
Data Scientist, Product Analytics;Scaleapi;San Francisco;None;30+
Data Scientist - Uber Eats (SF);Uber;San Francisco;3.8;30+
Data Scientist, Capital;Square;San Francisco;3.7;30+
Data Scientist;Chevron;Richmond;4.0;1
Applied Scientist;Yelp;San Francisco;3.5;2
Associate Data Scientist;Travis Credit Union;Vacaville;3.6;30+
Data Scientist, Product Analytics;Scaleapi;San Francisco;None;30+
Data Scientist;Chevron;Richmond;4.0;1
Data Scientist;Logic20/20;San Francisco;3.5;30+
Data Scientist (Predictive Services);Opendoor;San Francisco;2.9;30+
Applied Scientist I;Amazon.com Services LLC;San Francisco;3.6;1
Data Scientist;Avani Technology Solutions Inc;San Francisco;4.6;30+
Data Scientist;Proofpoint;Sunnyvale;3.9;12
Principal Data Scientist;Intuit;Mountain View;4.2;1
Data Scientist - Real World Data, Personalized Healthcare (P...;GENENTECH;South San Francisco;4.1;2
Data Scientist;Blueshift;San Francisco;None;30+
Sr Data Analyst;Uber;San Francisco;3.8;4
Data Scientist;CipherTrace;San Francisco Bay Area;None;30+
Principal Data Scientist;Pacific Gas And Electric Company;San Francisco;3.9;4
Data Scientist;Unlearn.AI;San Francisco;None;30+
Senior Data Scientist, Business Analytics;Intuit;Mountain View;4.2;1
Senior Data Scientist - Nationwide Opportunities;Amazon Web Services, Inc.;San Francisco;3.6;5
Data Scientist / Data Engineer;Thunder;San Francisco;4.4;30+
Data Scientist;Gap Inc.;San Francisco;3.8;30+
People Data Scientist;Uber;San Francisco;3.8;30+
Data Scientist;PayPal;San Jose;3.9;4
Data Scientist I;Frederick National Laboratory;San Francisco;2.7;3
Data Scientist - Rides;Uber;San Francisco;3.8;30+
Data Scientist;Stanford University;Stanford;4.2;26
Data Scientist;Facebook;Fremont;4.2;30+
Sr. Data Scientist;Zumper;San Francisco;3.3;30+
Data Scientist;Amazon Web Services, Inc.;San Francisco;3.6;30+
Chinese Speakers - Data Annotators;TransPerfect;San Francisco;3.0;30+
Data Scientist;Scaleapi;San Francisco;None;30+
Data Scientist - Deep Learning;The Climate Corporation;San Francisco;3.6;30+
Senior Data Scientist;Netflix;Los Gatos;3.9;9
NLP Data Scientist - Proactive;Apple;Santa Clara Valley;4.2;30+
Geospatial Data Scientist;Ceres Imaging;Oakland;None;30+
Data Scientist;California State University;San Jose;4.3;30+
Paid Summer Intern - Graduate, Data Scientist;Levi Strauss & Co.;San Francisco;3.9;30+
Data Scientist, Business Analytics;Scaleapi;San Francisco;None;30+
Data Scientist - Preanalytical Research;Freenome Holdings;South San Francisco;None;8
2020 PhD Data Scientist Internship - Rides;Uber;San Francisco;3.8;30+
Data Scientist (ML Evaluation in Health Sensing);Apple;Santa Clara Valley;4.2;9
Data Scientist;Figure;San Francisco;None;30+
Data Scientist - Marketing Analytics;Splunk;San Francisco;4.1;30+
2020 PhD Data Scientist Internship - Uber Eats (San Francisc...;Uber;San Francisco;3.8;30+
Data Scientist, PhD University Graduate, 2020 Start;Google;Mountain View;4.3;30+
Data Scientist - Market Analysis and Strategy;GENENTECH;South San Francisco;4.1;1
Staff Data Scientist;Intuit;Mountain View;4.2;1
Data Scientist;Lyra Health;Burlingame;4.3;30+
Data Scientist 3;Lam Research;Livermore;3.8;30+
Data Scientist - Product Operations;Apple;Santa Clara Valley;4.2;4
Data Scientist;Sensor Tower;San Francisco;None;30+
Data Science Engineer;Adobe;San Francisco;4.3;2
Data Scientist;California State University;San Jose;4.3;30+
Data Scientist;ZEISS Group;Dublin;3.6;30+
Data Scientist, Recommendation and Ranking (SF);Etsy;San Francisco;4.4;30+
Lead Data Scientist;Innoplexus;San Francisco;None;4
Data Scientist, Growth Data Science;Square;San Francisco;3.7;30+
Data Scientist;Perfect World Entertainment;Redwood City;3.4;30+
Senior Data Scientist - Analytics;Microsoft;San Francisco;4.2;4
Data Scientist - Digital Sales Planning;Sony Interactive Entertainment PlayStation;San Mateo;3.8;15
Data scientist - Global Sales;PayPal;San Francisco;3.9;30+
Clinical Data Scientist;Gilead Sciences;Foster City;3.6;3
Data Scientist;Flow Labs;Oakland;4.0;30+
Data Scientist;Esurance;San Francisco;3.4;30+
Data Scientist - Marketplace;thredUP Inc;Oakland;2.7;30+
Data Scientist, PhD University Graduate, 2020 Start;Google;Mountain View;4.3;30+
Sr. Data Scientist - Scaled Enforcement Heuristics;Twitter;San Francisco;4.1;30+
Senior Data Analyst / Senior Data Scientist;Khan Academy;Mountain View;4.1;12
Staff Data Scientist;Proofpoint;Sunnyvale;3.9;12
Senior Data Scientist;Williams-Sonoma, Inc.;San Francisco;3.6;30+
Data Scientist, Supply Chain Advanced Analytics;Gap Inc.;San Francisco;3.8;30+
Data Scientist, Simulation & Policy;Lacuna Technologies;Palo Alto;None;15
Data Scientist;Sensor Tower;San Francisco;None;30+
Data Scientist - Product Operations;Apple;Santa Clara Valley;4.2;4
Data Scientist Engineer;FT Optimize;Half Moon Bay;None;30+
Data Science - Product;Bolt;San Francisco;4.1;30+
Flood Data Scientist: Hydrodyanamics;One Concern;Menlo Park;None;22
Data Scientist - Market Analysis and Strategy;GENENTECH;South San Francisco;4.1;1
Senior Data Scientist, Home & Explore;Twitter;San Francisco;4.1;30+
Data Scientist (Computer Vision);AI Factory;San Francisco;None;30+
Senior Data Scientist;Under Armour, Inc.;San Francisco;3.8;30+
Data Scientist;SLEEP NUMBER;San Jose;3.4;30+
Paid Summer Intern - Undergraduate, Data Science;Levi Strauss & Co.;San Francisco;3.9;30+
Intern - ML / Data Science;Juniper Networks;Sunnyvale;4.1;8
Sr. Data Scientist;Woodruff Sawyer;San Francisco;3.3;30+
Data Scientist, Google Customer Solutions;Google;Redwood City;4.3;30+
Data Scientist - Insights & Modeling;Sony Interactive Entertainment PlayStation;San Mateo;3.8;30+
Data Scientist - Early Career;Lawrence Livermore National Laboratory;Livermore;4.2;30+
Data Scientist;Gayathri's Sandbox;Menlo Park;None;30+
Data Science Analyst;Yelp;San Francisco;3.5;30+
Senior Business Data Analyst - Anomaly Detection;Intuit;Mountain View;4.2;1
Staff/Lead Data Scientist;Sonder;San Francisco;3.3;4
IT Sr. Data Scientist;Workforce Logiq;Santa Clara;2.6;8
Data Scientist - Fraud Engineering, Algorithms, and Risk;Apple;Santa Clara Valley;4.2;30+
Senior Finance Data Analyst;Intuit;Mountain View;4.2;1
Siri - Data Scientist, Data Organization;Apple;Santa Clara Valley;4.2;30+
Data Scientist and Visualization Specialist;Apple;Santa Clara Valley;4.2;30+
Chief Data Scientist;AI Factory;San Francisco;None;30+
Microbiome Data Scientist;Siolta Therapeutics;San Francisco;None;30+
Data Scientist;MachineZone;Palo Alto;2.6;30+
Senior Data Scientist, Talent Acquisition;Atlassian;San Francisco;4.5;30+
Data Science Analyst;Yelp;San Francisco;3.5;30+
Principal Applied Scientist;Amazon.com Services LLC;San Francisco;3.6;1
Data Scientist;MobiTV, Inc;Emeryville;4.0;30+
Data Scientist;Upstart Network, Inc.;San Mateo;None;30+
Intern - ML / Data Science;Juniper Networks;Sunnyvale;4.1;8
Data Scientist, Apple Media Products;Apple;Santa Clara Valley;4.2;9
IT Sr. Data Scientist;Workforce Logiq;Santa Clara;2.6;8
Machine Learning Data Scientist;NVIDIA;Santa Clara;4.2;29
Product Data Scientist - Ads Data Science;Twitter;San Francisco;4.1;30+
Machine Learning Verification Engineer;dotData Inc.;San Mateo;None;1
Platform Data Scientist;ServiceNow;Santa Clara;3.6;9
Data Scientist;Osmo;Palo Alto;None;30+
Machine/Deep Learning Data Scientist;AppZen;San Jose;None;30+
Data Scientist;MachineZone;Palo Alto;2.6;30+
Data Scientist, SBG;Facebook;Menlo Park;4.2;30+
Senior Finance Data Analyst;Intuit;Mountain View;4.2;1
Staff Data Scientist - Deep Learning;The Climate Corporation;San Francisco;3.6;30+
Data Scientist/Analyst Santa Clara;Shape Security;Santa Clara;3.8;30+
Data Scientist, Machine Learning;Coursera;Mountain View;4.4;23
Data Scientist;Nauto;Palo Alto;None;30+
Product Insights Manager (Data Science);N3TWORK;San Francisco;None;2
Data Scientist;Cisco Systems;San Jose;4.1;20
Staff Infrastructure Data Scientist;Box;Redwood City;5.0;30+
Senior Data Scientist, Maps Metrics;Apple;Santa Clara Valley;4.2;2
Senior Data Scientist;Verdigris Technologies;Mountain View;None;30+
Data Scientist, Operations Data Science;Google;Mountain View;4.3;30+
Data Scientist / Statistician / Economist;Apple;Santa Clara Valley;4.2;30+
Staff Data Scientist - Data Science;Slack;San Francisco;3.7;30+
Senior Data Scientist - Economist - Freight Marketplace;Uber;San Francisco;3.8;30+
Senior Business Data Analyst - Anomaly Detection;Intuit;Mountain View;4.2;1
Staff Data Scientist;Affirm;San Francisco;3.8;30+
Flood Data Scientist: Hydrology;One Concern;Menlo Park;None;30+
Data & Applied Scientist;Microsoft;Sunnyvale;4.2;30+
Senior Data Scientist;Skip Scooters;San Francisco;3.6;30+
Principal Data Scientist;Clarivate Analytics;San Francisco;3.4;30+
Sr. Infrastructure Data Scientist;Box;Redwood City;5.0;30+
Senior Data Scientist - Ranking Algorithms;Faire;San Francisco;None;30+
Senior Data Scientist;eBay Inc.;San Francisco;3.9;30+
Senior Data Scientist, Talent Acquisition;Atlassian;San Francisco;4.5;30+
Senior Data Scientist;DISH Network;Foster City;3.3;4
Lead Data Scientist;AETNA;San Francisco;3.7;30+
Behavioral Data Scientist, Health Strategic Initiatives;Apple;Santa Clara Valley;4.2;30+
Data Scientist Intern (PhD), People Analytics, Summer 2020;Google;Sunnyvale;4.3;8
Data Scientist;Formation;San Francisco;None;30+
People Analytics Data Scientist - (B2);Applied Materials Inc.;Santa Clara;3.9;19
Machine Learning Evangelist;SigOpt;San Francisco;None;30+
Associate Engineer II/ Engineer I, Genomics Data;AbbVie;Redwood City;4.0;9
Motif Capital – Data Scientist;Motif Investing;San Mateo;2.0;30+
Data Scientist;BlackLine;Pleasanton;3.7;30+
Siri - Evaluation Scientist - Siri Data Organization;Apple;Santa Clara Valley;4.2;30+
Data Scientist, Auction & Delivery Intern;Facebook;Menlo Park;4.2;30+
Senior Data Scientist - Ranking Algorithms;Faire;San Francisco;None;30+
Principal Data Scientist, Bioinformatics;Roche;Santa Clara;4.2;4
Senior Data Scientist;Skip Scooters;San Francisco;3.6;30+
Associate Engineer II/ Engineer I, Genomics Data;AbbVie;Redwood City;4.0;9
Senior Data Analyst;Golden Gate University;San Francisco;4.2;30+
Contingent: Senior Systems/Data Analyst;First Republic Bank;San Francisco;3.9;8
People Analytics Data Scientist - (B2);Applied Materials Inc.;Santa Clara;3.9;19
Senior Manager Data Scientist;Womply San Francisco;San Francisco;None;3
VP Data & Analytics;Gap Inc.;San Francisco;3.8;30+
Senior Data Analyst, Customer Engagement;Atlassian;San Francisco;4.5;16
Behavioral Data Scientist, Health Strategic Initiatives;Apple;Santa Clara Valley;4.2;30+
Data Scientist;ELT Solutions;San Jose;None;30+
Data Scientist, Integrity - Signals, Detection and Recommend...;Facebook;Menlo Park;4.2;30+
Senior Manager Data Scientist;Womply;San Francisco;2.9;3
Data Scientist - Deep Learning;Verb Surgical;Mountain View;4.3;30+
Sr. Data Analyst Freight;Uber;San Francisco;3.8;30+
Data Scientist;Edison Software, Inc.;San Jose;None;30+
Senior Data Scientist;Gap Inc.;San Francisco;3.8;30+
Sr. Data Scientist- Fraud;Branch;Redwood City;5.0;30+
Data Science Intern;eHealth;Santa Clara;3.6;1
Statistician;SF VA Medical Center;San Francisco;4.5;30+
Data Scientist, Cloud;Calix;San Jose;3.2;30+
Data Scientist;Nauto;Palo Alto;None;30+
Data Scientist;Confluent;Mountain View;4.2;30+
Partner, Data Science;Pathrise;San Francisco;None;30+
Data Scientist Intern (PhD), People Analytics, Summer 2020;Google;Sunnyvale;4.3;8
Data Scientist - Batteries;Apple;Santa Clara Valley;4.2;30+
Decision Scientist, Next-Gen Risk;PayPal;San Jose;3.9;Today
Data Scientist;Waymo;Mountain View;3.0;30+
Data Integrity Analyst (Data Scientist);Apple;Santa Clara Valley;4.2;30+
Data Scientist, Calibra Growth (Blockchain);Facebook;Menlo Park;4.2;30+
Data Science, Intern (Personalization);Ancestry;San Francisco;3.9;30+
Head of Data Science;BioTrillion;San Francisco;None;30+
Senior Data Scientist;Affirm;San Francisco;3.8;30+
Senior Manager I, Finance, Ecomm - Data Scientist Finance;Walmart;San Bruno;3.5;8
Data Scientist (Machine Learning);Apple;Santa Clara Valley;4.2;30+
Senior Data Scientist;Gametime United, Inc.;San Francisco;3.4;30+
Staff Data Scientist - Business Analytics;Intuit;Mountain View;4.2;1
Scientist, Data Mining;TCL Research America;San Jose;3.3;30+
Data Scientist;Adobe;San Jose;4.3;30+
Data Science Intern - Undergrad;Proofpoint;Sunnyvale;3.9;12
Field Data Capture Specialist (Contract);Blue River Technology;Sunnyvale;3.8;4
Data Scientist, Auction & Delivery;Facebook;Menlo Park;4.2;30+
Data Scientist, Analytics - Community Integrity;Facebook;Menlo Park;4.2;30+
AI/ML Engineer - Knowledge Graph;GSK;San Francisco;4.2;3
Senior Data Scientist;IHS Markit;San Francisco;3.6;30+
Data Scientist;Lawrence Livermore National Laboratory;Livermore;4.2;30+
Data Scientist, Analytics - Messenger Ranking;Facebook;Menlo Park;4.2;30+
Data Scientist;Apple;Santa Clara Valley;4.2;30+
People Analytics Data Scientist - (B2);Applied Materials Inc.;Santa Clara;3.9;19
Data Scientist 1;eBay Inc.;San Jose;3.9;8
Data Scientist, Auction & Delivery Intern;Facebook;Menlo Park;4.2;30+
Decision Scientist, Next-Gen Risk;PayPal;San Jose;3.9;Today
Software Engineer (Data Scientist/Software Engineer) - SISW...;Siemens;Fremont;4.0;30+
Sr. Manager, Data Scientist;Charles Schwab Inc.;San Francisco;4.0;15
Senior Data Scientist;Gap Inc.;San Francisco;3.8;30+
Data Scientist, Operations Research;Facebook;Fremont;4.2;30+
Data Scientist, Global Supply Chain;Danaher;Sunnyvale;3.6;30+
Senior Data Scientist;Sensor Tower;San Francisco;None;30+
Data Science & Analytics Leader;Netflix;Los Gatos;3.9;17
Staff Data Scientist - Business Analytics;Intuit;Mountain View;4.2;1
Senior Data Scientist;IHS Markit;San Francisco;3.6;30+
Data Scientist;Lawrence Livermore National Laboratory;Livermore;4.2;30+
Data Scientist, CoreApp;Facebook;Menlo Park;4.2;30+
Senior Data Scientist;Earnest;San Francisco;4.0;30+
Data Integrity Analyst (Data Scientist);Apple;Santa Clara Valley;4.2;30+
Data Science - New College Graduate;Wealthfront;Palo Alto;None;30+
Machine Learning Engineer;Casetext;San Francisco;None;30+
Senior Data Scientist- Health;Apple;Santa Clara Valley;4.2;30+
Data Scientist (Machine Learning);Apple;Santa Clara Valley;4.2;30+
Data Science, Intern (Record Linking);Ancestry;San Francisco;3.9;30+
ML/Data Science Intern (Summer 2020);Splunk;San Francisco;4.1;30+
Data Scientist - Batteries;Apple;Santa Clara Valley;4.2;30+
Senior Data Scientist, Conversations;Twitter;San Francisco;4.1;30+
Applied Machine Learning engineer - Explore and Events Disco...;Twitter;San Francisco;4.1;30+
Data Scientist;CSAA Insurance Group;Walnut Creek;3.3;30+
Data Scientist, Analytics - Ads Ranking;Facebook;Menlo Park;4.2;30+
Manager, Data Science;Uber;San Francisco;3.8;30+
NLP Data Science Intern;eHealth;Santa Clara;3.6;1
Staff Data Scientist (GEC11903);Walmart eCommerce;Sunnyvale;3.4;30+
Senior Data Scientist, Partnerships;Atlassian;Mountain View;4.5;23
Data Scientist;Canopy Health;Emeryville;None;30+
Sr. Data Scientist - Knowledge;Branch;Redwood City;5.0;30+
Principal Applied Scientist - Machine Learning;Splunk;San Francisco;4.1;30+
Senior Data Scientist - Authorship;Turnitin, LLC;Oakland;None;30+
Data Scientist, Analytics - Video Integrity;Facebook;Menlo Park;4.2;30+
Machine Learning Specialist;Aurora Tech;San Francisco;None;30+
2020 Summer Data Science Intern;Atlassian;Mountain View;4.5;19
Data Scientist;Oracle;Redwood City;3.8;30+
Senior Data Analyst;Formation;San Francisco;None;30+
Senior Data Scientist;Quantcast;San Francisco;3.4;30+
Staff Data Scientist;Walmart;San Bruno;3.5;30+
Lead Data Scientist - Analyst;Sony Corporation of America;San Jose;4.1;1
Senior Applied Scientist - Recommendations;Twitch Interactive, Inc.;San Francisco;3.6;30+
Data Scientist / Senior Data Scientist, Human Genetics;Maze Therapeutics;South San Francisco;None;13
Senior Data Scientist;Formation;San Francisco;None;30+
Machine Learning Scientist - Natural Language Processing;SoundHound Inc.;San Francisco;None;30+
Data Scientist;Adobe;San Jose;4.3;30+
Data Scientist, Auction & Delivery;Facebook;Menlo Park;4.2;30+
Senior Data Scientist- Consumer Product- Metrics Team;Twitter;San Francisco;4.1;26
Senior Manager I, Finance, Ecomm - Data Scientist Finance;Walmart;San Bruno;3.5;8
Data Scientist, Analytics - Personalization;Facebook;Menlo Park;4.2;30+
Sr. Data Scientist - Analytics, Personalized Healthcare (PHC...;GENENTECH;South San Francisco;4.1;1
Data Scientist - Alexa Shopping;Amazon.com Services, Inc.;Palo Alto;3.6;30+
Data Scientist;Everlane;San Francisco;4.1;30+
Sr. Data Scientist - Product Analytics;Adobe;San Francisco;4.3;30+
Natural Language Processing Scientist;AppZen;San Jose;None;30+
Cloud Data Architect-AWS;Altais;Oakland;None;30+
Machine Learning Scientist / Engineer (AAAI 2020);Apple;Santa Clara Valley;4.2;12
Data Scientist, Analytics - AR/VR Media;Facebook;Menlo Park;4.2;30+
Data Scientist, Analytics - Spark AR;Facebook;Menlo Park;4.2;30+
Data Scientist, Analytics - New Product Experimentation;Facebook;Menlo Park;4.2;30+
Siri, Sr. Data Scientist - Statistician, Data Organization;Apple;Santa Clara Valley;4.2;8
Machine Learning Specialist;SigOpt;San Francisco;None;30+
Principal Data Scientist;CLARA analytics, Inc.;Santa Clara;None;9
Data Scientist, Mobile Analytics;2K Games;Novato;3.7;30+
Data Science Intern;Yodlee;Redwood City;3.9;10
Data Scientist - Machine Learning Engineer;Apple;Santa Clara Valley;4.2;30+
Senior Data Scientist - Risk Analytics;Wealthfront;Palo Alto;None;17
Senior Data Scientist;BlueVine;Redwood City;None;30+
Integrated Service Owner - Enterprise Analytics and Data Sci...;GENENTECH;South San Francisco;4.1;1
Data Scientist;Apple;Santa Clara Valley;4.2;30+
Machine Learning Engineer;Synapse Financial Technologies Inc;San Francisco;None;30+
Senior Data Analyst;Gap Inc.;San Francisco;3.8;30+
Group Manager - Data Science;Intuit;Mountain View;4.2;1
Sr. Data Scientist - Content;Branch;Redwood City;5.0;30+
Assoc. Director, R & D Information Systems, Data Scientist;Gilead Sciences;Foster City;3.6;30+
Campus Recruiting: Full Time Data Scientist/Data Analytics (...;Walmart;Sunnyvale;3.5;30+
Data Scientist / Solution Architect;Samsung SDS America;San Jose;4.0;9
Sr. Data Scientist;Hewlett Packard Enterprise;San Jose;3.7;30+
Data Engineer - Deep Learning;Susquehanna International Group, LLP;Alameda;3.8;26
Data Scientist, Analytics - Machine Translation;Facebook;Menlo Park;4.2;30+
Data Scientist;CareDx;Brisbane;2.8;30+
Senior Data Analyst- Product;Blue Owl;San Francisco;None;30+
Data Science Manager - Uber Eats (SF);Uber;San Francisco;3.8;30+
Associate Data Scientist;PayPal;San Jose;3.9;30+
Applied Scientist, Alexa Devices;Amazon.com Services LLC;Sunnyvale;3.6;2
Senior Data Analyst - Creator Formats;Twitch Interactive, Inc.;San Francisco;3.6;30+
Clinical Data Scientist;Stanford Health Care;Redwood City;4.0;30+
Commercial Banking –Data Science, Analytics Manager;JP Morgan Chase;Palo Alto;3.9;2
Data Scientist, Analytics - Family Ecosystem;Facebook;Menlo Park;4.2;30+
Machine Learning Scientist;Autodesk;San Francisco;4.1;30+
Staff Data Scientist;Telenav;Santa Clara;3.7;30+
Senior Data Analyst;Walmart;San Bruno;3.5;11
Senior Staff Data Scientist;NerdWallet;San Francisco;3.9;30+
Advanced Analytics Network - Data Science Intern;Roche;Santa Clara;4.2;30+
Machine Learning Engineer;Hive;San Francisco;3.7;30+
Machine Learning Engineer;GSK;San Francisco;4.2;30+
Staff Data Scientist, Business Analytics - Payments;Intuit;Mountain View;4.2;1
Data Scientist, Ad Platforms Data Analytics;Apple;Santa Clara Valley;4.2;30+
Chief Data Scientist;[24]7.ai;San Jose;None;30+
Data Scientist, Calibra Marketing (Blockchain);Facebook;Menlo Park;4.2;30+
Sr. Data Scientist;MachineZone;Palo Alto;2.6;30+
Senior Operations Data Analyst;GENENTECH;South San Francisco;4.1;1
Data Science Manager - Dynamic Pricing;Uber;San Francisco;3.8;30+
Data Scientist;3T Biosciences;Menlo Park;None;30+
Senior Data Scientist;Grand Rounds;San Francisco;3.4;30+
Sr Data Scientist, Tech Lead - Maps;Uber;San Francisco;3.8;30+
Lead Data Scientist;Esurance;San Francisco;3.4;30+
Data Scientist, Analytics - Marketplace Search;Facebook;Menlo Park;4.2;30+
Data Science Intern;eBay Inc.;San Francisco;3.9;30+
Senior Data Scientist, Growth;Atlassian;Mountain View;4.5;30+
Data Scientist, Calibra (Blockchain);Facebook;Menlo Park;4.2;30+
Machine Learning Engineer - Home Timeline;Twitter;San Francisco;4.1;3
Decision Scientist - AR/VR;Facebook;Menlo Park;4.2;30+
Principal Data Scientist - Technical Institute, Evidence for...;GENENTECH;South San Francisco;4.1;2
Machine Learning / Data Scientist Engineer;Ampere Computing;Santa Clara;None;30+
Deep Learning Staff Data Scientist;Walmart eCommerce;Sunnyvale;3.4;30+
ML Engineer;Wish;San Francisco;3.8;30+
Data Scientist, Analytics - Messenger Monetization;Facebook;Menlo Park;4.2;30+
Senior Data Scientist;Upstart Network, Inc.;San Mateo;None;30+
Security Data Scientist;Amazon Web Services, Inc.;San Francisco;3.6;30+
Decision Scientist, Revenue Acceleration, Google Cloud;Google;Sunnyvale;4.3;30+
Core Tech TPM - Data Operations;Facebook;Menlo Park;4.2;30+
Deep Learning Staff Data Scientist;Walmart;Sunnyvale;3.5;30+
Data Scientist - Machine Learning;CareDx;Brisbane;2.8;30+
Senior Data Scientist;Lucid Motors;Newark;4.0;16
Data Scientist / Economist;eBay Inc.;San Jose;3.9;30+
Decision Scientist;Facebook;Menlo Park;4.2;30+
Staff Data Scientist - NLP;Walmart eCommerce;Sunnyvale;3.4;30+
Data Scientist, Human Evaluation, Apple Media Products;Apple;Santa Clara Valley;4.2;15
Sr Scientist Data Science;Abbott Laboratories;Santa Clara;4.0;30+
Data Science Intern;KLA-Tencor;Milpitas;4.0;10
Maps Data and Machine Learning Internship;Apple;Santa Clara Valley;4.2;25
Senior Data Analyst;Walmart eCommerce;San Bruno;3.4;11
Software Engineer - Machine Learning;Affirm;San Francisco;3.8;30+
Clinical Data Scientist;BioMarin;San Rafael;4.0;30+
2020 Artificial Intelligence/Machine Learning Graduate Summe...;Williams-Sonoma, Inc.;San Francisco;3.6;30+
Data Scientist – Machine Learning;NVIDIA;Santa Clara;4.2;30+
Data Scientist - Applied Machine Learning (Search and Text);Apple;Santa Clara Valley;4.2;18
Sr. Data Scientist;Amazon Data Services, Inc.;East Palo Alto;3.6;30+
Machine Learning/AI Researcher;SCOTTY;San Francisco;None;30+
AI/ML Engineer - NLP;GSK;San Francisco;4.2;3
Senior Data Analyst;Gametime United, Inc.;San Francisco;3.4;30+
Machine Learning Engineer;Toyota Research Institute;Los Altos;3.8;30+
Data Scientist, Analytics - AI Model Measurement Platform;Facebook;Menlo Park;4.2;30+
Data Science Intern;Oath Inc;Sunnyvale;3.8;30+
Machine Learning Scientist;Robust.AI;Palo Alto;None;9
Senior Data Scientist;Edison Software, Inc.;San Jose;None;30+
Data Science Intern;Oath Inc;Sunnyvale;3.8;30+
Senior Data Analyst;Gametime United, Inc.;San Francisco;3.4;30+
Senior Data Scientist;Lattice Engines;San Mateo;4.1;30+
Data Scientist, Calibra Marketing (Blockchain);Facebook;Menlo Park;4.2;30+
Senior Data Scientist;Edison Software, Inc.;San Jose;None;30+
Decision Scientist - AR/VR;Facebook;Menlo Park;4.2;30+
Senior Data Scientist - Technical Institute, Evidence for Ac...;GENENTECH;South San Francisco;4.1;2
Decision Scientist;Facebook;Menlo Park;4.2;30+
Head of Data Science;Twitter;San Francisco;4.1;30+
Machine Learning Inference Engineer;Cruise;San Francisco;2.9;30+
Cloud Data Engineer, Revenue Science;Twitter;San Francisco;4.1;30+
Intern, Machine Learning Robotics;Autodesk;San Francisco;4.1;30+
Data Scientist, SPG Systems Engineering;Apple;Santa Clara Valley;4.2;30+
Senior Operations Data Analyst;GENENTECH;South San Francisco;4.1;1
Data Scientist - Business Growth;JD.com;Mountain View;4.2;30+
Machine Learning Researcher (NLP) - Cortex Applied Machine L...;Twitter;San Francisco;4.1;30+
Cybersecurity Data Scientist;Lawrence Livermore National Laboratory;Livermore;4.2;30+
VP Product Data Science & Engineering;Netflix;Los Gatos;3.9;30+
Data Scientist, Analytics - AI Model Measurement Platform;Facebook;Menlo Park;4.2;30+
Cloud Data Architect-AWS;Altais;Oakland;None;30+
VP, AI and Machine Learning;Getty Images;San Francisco;3.9;30+
Core Tech TPM - Data Operations;Facebook;Menlo Park;4.2;30+
Lead Data Scientist;Nutanix;San Jose;3.9;30+
Bioinformatics Associate Data Scientist;Lawrence Berkeley National Laboratory;San Francisco Bay Area;4.2;30+
Statistical Data Analyst;CareDx;South San Francisco;2.8;30+
Particle Data Group Staff Scientist;Lawrence Berkeley National Laboratory;San Francisco Bay Area;4.2;30+
VP of Data Science;Keewi;Santa Clara;None;30+
Data Scientist/Process Engineer III - (E3);Applied Materials Inc.;Santa Clara;3.9;30+
Principal Researcher - Distributed Artificial Intelligence;Toyota;Mountain View;4.0;2
Decision Scientist, Revenue Acceleration, Google Cloud;Google;Sunnyvale;4.3;30+
Data Science Manager, Instagram Creation;Facebook;San Francisco;4.2;30+
Senior Data Analyst;Grove Collaborative;San Francisco;2.8;30+
Senior People Data Analyst;Dropbox;San Francisco;3.7;30+
Data Scientist, Analytics - Messenger Growth;Facebook;Menlo Park;4.2;30+
Staff Data Scientist - NLP;Walmart;Sunnyvale;3.5;30+
Marketing Decision Scientist;MachineZone;Palo Alto;2.6;30+
Data Science Manager - Aviation;Uber;San Francisco;3.8;12
Accenture Strategy - Enterprise Data & Analytics Consultant...;Accenture;San Francisco;4.0;1
Data Science Manager, Trust & Safety;Credit Karma;San Francisco;3.2;12
Channel Strategy Decision Scientist;PayPal;San Jose;3.9;5
Machine Learning Scientist;PlusAI;Cupertino;None;30+
Machine Learning Engineer;Upstart;San Mateo;3.5;30+
Data Engineer / Scientist (Spark + AI 2019);Apple;Santa Clara Valley;4.2;30+
Senior Data Scientist - Imaging and Omics Analytics, Persona...;GENENTECH;South San Francisco;4.1;1
Machine Learning Engineer;Toyota Research Institute;Los Altos;3.8;30+
Lead Statistical Analyst;University of California San Francisco;San Francisco;4.2;2
Senior Data Scientist, Ad Platforms Data Analytics;Apple;Santa Clara Valley;4.2;30+
Sr. Data Scientist - Deep Learning and NLP Expert;Allstate;Redwood City;3.8;3
Data and Policy Analyst - Statistical Programmer;Acumen LLC;Burlingame;3.5;30+
Assoc. Director, R & D Information Systems, Data Scientist;Gilead Sciences;Foster City;3.6;30+
Senior Principal Data Analyst;UnitedHealth Group;Walnut Creek;3.6;30+
Data Science-Lead;Wipro LTD;San Francisco;3.8;30+
Sr. Data and Machine Learning Specialist;Enphase Energy;Petaluma;3.3;30+
Cybersecurity Data Scientist;Lawrence Livermore National Laboratory;Livermore;4.2;30+
Machine Learning Scientist;PlusAI;Cupertino;None;30+
Content Analytics Leader, Data Science and Engineering;Netflix;Los Gatos;3.9;30+
Senior Risk Data Scientist;Bill.com;Palo Alto;3.4;30+
Search Data Scientist, Apple Media Products;Apple;Santa Clara Valley;4.2;30+
Senior Data Scientist - Imaging and Omics Analytics, Persona...;GENENTECH;South San Francisco;4.1;1
Quantitative Analytics Manager 1- Decision Science and Artif...;Wells Fargo;San Francisco;3.7;9
Siri - ML Engineer - Data Analytics;Apple;Santa Clara Valley;4.2;30+
Manager, Data Science;Sony Interactive Entertainment PlayStation;San Mateo;3.8;18
Data Science Manager, Instagram Creation;Facebook;San Francisco;4.2;30+
Data Engineer / Scientist (Spark + AI 2019);Apple;Santa Clara Valley;4.2;30+
Data Scientist, Analytics - Messenger Growth;Facebook;Menlo Park;4.2;30+
Data and Policy Analyst - Statistical Programmer;Acumen LLC;Burlingame;3.5;30+
Machine Learning Engineer;UnifyID;Redwood City;None;30+
Software Engineer, Data Science;Forward;San Francisco;None;30+
Senior Data Analyst;Grid Dynamics;Sunnyvale;None;30+
Senior Data Scientist;MANTICORE GAMES;San Mateo;None;30+
Machine Learning Inference Engineer;Cruise;San Francisco;2.9;30+
Senior Data Scientist, Ad Platforms Data Analytics;Apple;Santa Clara Valley;4.2;30+
Research Engineer/Applied Scientist, Salesforce Research (En...;Salesforce;Palo Alto;4.2;30+
Applied Scientist - Sponsored Brands;Amazon.com Services, Inc.;Palo Alto;3.6;30+
Sr Fraud Data Analyst;RELX Group;San Jose;4.3;19
Machine Learning Engineer;Upstart;San Mateo;3.5;30+
Sr Financial Data Analyst;LendingClub;San Francisco;3.6;30+
Data Scientist, SPG Systems Engineering;Apple;Santa Clara Valley;4.2;30+
Research Scientist, Machine Learning;Toyota Research Institute;Los Altos;3.8;30+
Staff Machine Learning Engineer;Intuit;Mountain View;4.2;1
Manager, ML Data Initiatives;Amazon.com Services, Inc.;Palo Alto;3.6;30+
Data Science Strategist, Connectivity, NA;Facebook;Menlo Park;4.2;30+
Machine Learning Engineer;Lyra Health;Burlingame;4.3;30+
Senior Data Analyst;ADARA, Inc.;Palo Alto;None;18
Lead Data Scientist;Albertsons Companies;Pleasanton;3.7;30+
DATA SCIENCE ENGINEER;CloudMedx;Palo Alto;None;30+
Machine Learning Researcher;PARC, a Xerox company;Palo Alto;None;19
Staff Data Scientist - NLP;Walmart;Sunnyvale;3.5;30+
Sr. Data Scientist;Synopsys;Mountain View;4.1;30+
Sr. Applied Scientist;Microsoft;Sunnyvale;4.2;12
Cyber Security Data Scientist;Wells Fargo;San Francisco;3.7;30+
Computational Neuroscientist / Machine Learning Scientist;Apple;Santa Clara Valley;4.2;30+
Senior Machine Learning Scientist;Netflix;Los Gatos;3.9;30+
Senior Data Scientist;Lattice Engines;San Mateo;4.1;30+
Machine Learning Engineer;Upstart Network, Inc.;San Mateo;None;30+
Senior Health Data Analyst I;Partnership HealthPlan of California;Fairfield;3.2;30+
Data Science Product Owner;IHS Markit;San Francisco;3.6;30+
Director, Data Science;Facebook;Menlo Park;4.2;30+
Machine Learning Engineer;Myra Labs;San Francisco;None;23
Director of Data Science, Lending Products;SoFi;San Francisco;3.2;10
